commune_name_ascii,daira_name_ascii,wilaya_name_ascii
تيمقتن,Aoulef,Adrar
بودة,Adrar,Adrar
أولاد أحمد تيمي,Adrar,Adrar
أدرار,Adrar,Adrar
فنوغيل,Fenoughil,Adrar
إن زغمير,Zaouiat Kounta,Adrar
رقان,Reggane,Adrar
سالي,Reggane,Adrar
السبع,Tsabit,Adrar
تسابيت,Tsabit,Adrar
تامست,Fenoughil,Adrar
تامنطيط,Fenoughil,Adrar
تيت,Aoulef,Adrar
زاوية كنتة,Zaouiat Kounta,Adrar
اقبلي,Aoulef,Adrar
أولف,Aoulef,Adrar
تلعصة,Abou El Hassane,Chlef
الزبوجة,Zeboudja,Chlef
الحجاج,Ouled Ben Abdelkader,Chlef
أولاد بن عبد القادر,Ouled Ben Abdelkader,Chlef
عين مران,Ain Merane,Chlef
بريرة,Beni Haoua,Chlef
أولاد عباس,Oued Fodda,Chlef
وادي الفضة,Oued Fodda,Chlef
بني راشد,Oued Fodda,Chlef
الهرانفة,Ain Merane,Chlef
تاجنة,Abou El Hassane,Chlef
المرسى,El Marsa,Chlef
الشلف,Chlef,Chlef
أم الدروع,Chlef,Chlef
سنجاس,Chlef,Chlef
سيدي عبد الرحمن,Tenes,Chlef
سيدي عكاشة,Tenes,Chlef
تنس,Tenes,Chlef
بني بوعتاب,El Karimia,Chlef
الكريمية,El Karimia,Chlef
حرشون,El Karimia,Chlef
بوزغاية,Zeboudja,Chlef
تاوقريت,Taougrit,Chlef
بني حواء,Beni Haoua,Chlef
أبو الحسن,Abou El Hassane,Chlef
وادي قوسين,Beni Haoua,Chlef
الشطية,Ouled Fares,Chlef
مصدق,El Marsa,Chlef
أولاد فارس,Ouled Fares,Chlef
بوقادير,Boukadir,Chlef
وادي سلي,Boukadir,Chlef
الصبحة,Boukadir,Chlef
بنايرية,Zeboudja,Chlef
الأبيض مجاجة,Ouled Fares,Chlef
الظهرة,Taougrit,Chlef
البيضاء,Gueltat Sidi Saad,Laghouat
قلتة سيدي سعد,Gueltat Sidi Saad,Laghouat
بريدة,Brida,Laghouat
عين سيدي علي,Gueltat Sidi Saad,Laghouat
تاجموت,Ain Madhi,Laghouat
الحاج مشري,Brida,Laghouat
تاويالة,Brida,Laghouat
الغيشة,El Ghicha,Laghouat
تاجرونة,Ain Madhi,Laghouat
سبقاق,Aflou,Laghouat
سيدي بوزيد,Aflou,Laghouat
وادي مرة,Oued Morra,Laghouat
الأغواط,Laghouat,Laghouat
وادي مزي,Oued Morra,Laghouat
قصر الحيران,Ksar El Hirane,Laghouat
العسافية,Sidi Makhlouf,Laghouat
سيدي مخلوف,Sidi Makhlouf,Laghouat
حاسي الدلاعة,Hassi R'mel,Laghouat
حاسي الرمل,Hassi R'mel,Laghouat
عين ماضي,Ain Madhi,Laghouat
الحويطة,Ain Madhi,Laghouat
الخنق,Ain Madhi,Laghouat
بن ناصر بن شهرة,Ksar El Hirane,Laghouat
أفلو,Aflou,Laghouat
فكيرينة,F'kirina,Oum El Bouaghi
الفجوج بوغرارة سعودي,Ain Fekroun,Oum El Bouaghi
عين فكرون,Ain Fekroun,Oum El Bouaghi
الرحية,Meskiana,Oum El Bouaghi
مسكيانة,Meskiana,Oum El Bouaghi
البلالة,Meskiana,Oum El Bouaghi
بحير الشرقي,Meskiana,Oum El Bouaghi
قصر الصباحي,Ksar Sbahi,Oum El Bouaghi
سوق نعمان,Souk Naamane,Oum El Bouaghi
أولاد زواي,Souk Naamane,Oum El Bouaghi
أم البواقي,Oum El Bouaghi,Oum El Bouaghi
عين ببوش,Ain Babouche,Oum El Bouaghi
عين الزيتون,Oum El Bouaghi,Oum El Bouaghi
بئر الشهداء,Souk Naamane,Oum El Bouaghi
عين البيضاء,Ain Beida,Oum El Bouaghi
بريش,Ain Beida,Oum El Bouaghi
الزرق,Ain Beida,Oum El Bouaghi
عين مليلة,Ain M'lila,Oum El Bouaghi
أولاد قاسم,Ain M'lila,Oum El Bouaghi
أولاد حملة,Ain M'lila,Oum El Bouaghi
العامرية,Sigus,Oum El Bouaghi
سيقوس,Sigus,Oum El Bouaghi
وادي نيني,F'kirina,Oum El Bouaghi
عين الديس,Ain Babouche,Oum El Bouaghi
الضلعة,Dhalaa,Oum El Bouaghi
الجازية,Dhalaa,Oum El Bouaghi
عين كرشة,Ain Kercha,Oum El Bouaghi
الحرملية,Ain Kercha,Oum El Bouaghi
هنشير تومغني,Ain Kercha,Oum El Bouaghi
معافة,Ain Touta,Batna
القصبات,Ras El Aioun,Batna
تيمقاد,Timgad,Batna
تاكسلانت,Ouled Si Slimane,Batna
أولاد سي سليمان,Ouled Si Slimane,Batna
لمسان,Ouled Si Slimane,Batna
تالخمت,Ras El Aioun,Batna
رأس العيون,Ras El Aioun,Batna
الرحبات,Ras El Aioun,Batna
أولاد سلام,Ras El Aioun,Batna
القيقبة,Ras El Aioun,Batna
ثنية العابد,Theniet El Abed,Batna
باتنة,Batna,Batna
فسديس,Batna,Batna
وادي الشعبة,Batna,Batna
حيدوسة,Merouana,Batna
قصر بلزمة,Merouana,Batna
مروانة,Merouana,Batna
وادي الماء,Merouana,Batna
لازرو,Seriana,Batna
سريانة,Seriana,Batna
زانة البيضاء,Seriana,Batna
منعة,Menaa,Batna
تغرغار,Menaa,Batna
عين ياقوت,El Madher,Batna
بومية,El Madher,Batna
جرمة,El Madher,Batna
المعذر,El Madher,Batna
عيون العصافير,Tazoult,Batna
تازولت,Tazoult,Batna
بومقر,N'gaous,Batna
نقاوس,N'gaous,Batna
سفيان,N'gaous,Batna
أريس,Arris,Batna
تيغانمين,Arris,Batna
عين جاسر,Ain Djasser,Batna
الحاسي,Ain Djasser,Batna
سقانة,Seggana,Batna
تيلاطو,Seggana,Batna
فم الطوب,Ichemoul,Batna
إشمول,Ichemoul,Batna
إينوغيسن,Ichemoul,Batna
بوزينة,Bouzina,Batna
لارباع,Bouzina,Batna
بولهيلات,Chemora,Batna
الشمرة,Chemora,Batna
بريكة,Barika,Batna
بيطام,Barika,Batna
إمدوكل,Barika,Batna
عزيل عبد القادر,Djezzar,Batna
الجزار,Djezzar,Batna
أولاد عمار,Djezzar,Batna
غسيرة,Tkout,Batna
كيمل,Tkout,Batna
تكوت,Tkout,Batna
عين التوتة,Ain Touta,Batna
بني فضالة الحقانية,Ain Touta,Batna
أولاد فاضل,Timgad,Batna
أولاد عوف,Ain Touta,Batna
شير,Theniet El Abed,Batna
وادي الطاقة,Theniet El Abed,Batna
سيدي عياد,Sidi Aich,Béjaïa
برباشة,Barbacha,Béjaïa
الفلاي,Sidi Aich,Béjaïa
كنديرة,Barbacha,Béjaïa
سيدي عيش,Sidi Aich,Béjaïa
تيفرة,Sidi Aich,Béjaïa
تينبدار,Sidi Aich,Béjaïa
القصر,El Kseur,Béjaïa
فناية الماثن,El Kseur,Béjaïa
توجة,El Kseur,Béjaïa
ذراع القايد,Kherrata,Béjaïa
خراطة,Kherrata,Béjaïa
بجاية,Bejaia,Béjaïa
وادي غير,Bejaia,Béjaïa
بني معوش,Beni Maouche,Béjaïa
بني جليل,Amizour,Béjaïa
فرعون,Amizour,Béjaïa
سمعون,Amizour,Béjaïa
تيمزريت,Timezrit,Béjaïa
مالبو,Souk El Tenine,Béjaïa
سوق لإثنين,Souk El Tenine,Béjaïa
تامريجت,Souk El Tenine,Béjaïa
بوخليفة,Tichy,Béjaïa
تالة حمزة,Tichy,Béjaïa
تيشي,Tichy,Béjaïa
أيت رزين,Ighil Ali,Béjaïa
إغيل علي,Ighil Ali,Béjaïa
أيت إسماعيل,Darguina,Béjaïa
درقينة,Darguina,Béjaïa
تاسكريوت,Darguina,Béjaïa
أوقاس,Aokas,Béjaïa
تيزي نبربر,Aokas,Béjaïa
أدكار,Adekar,Béjaïa
بني كسيلة,Adekar,Béjaïa
تاوريرت إغيل,Adekar,Béjaïa
أقبو,Akbou,Béjaïa
شلاطة,Akbou,Béjaïa
اغرم,Akbou,Béjaïa
تامقرة,Akbou,Béjaïa
أمالو,Seddouk,Béjaïa
بوحمزة,Seddouk,Béjaïa
مسيسنة,Seddouk,Béjaïa
صدوق,Seddouk,Béjaïa
بني مليكش,Tazmalt,Béjaïa
بو جليل,Tazmalt,Béjaïa
تازمالت,Tazmalt,Béjaïa
أكفادو,Chemini,Béjaïa
شميني,Chemini,Béjaïa
سوق اوفلا,Chemini,Béjaïa
طيبان,Chemini,Béjaïa
أوزلاقن,Ifri Ouzellaguene,Béjaïa
أميزور,Amizour,Béjaïa
الفيض,Zeribet El Oued,Biskra
ليشانة,Tolga,Biskra
بوشقرون,Tolga,Biskra
مخادمة,Ourlal,Biskra
جمورة,Djemorah,Biskra
برانيس,Djemorah,Biskra
الوطاية,El Outaya,Biskra
القنطرة,El Kantara,Biskra
خنقة سيدي ناجي,Zeribet El Oued,Biskra
عين زعطوط,El Kantara,Biskra
زريبة الوادي,Zeribet El Oued,Biskra
المزيرعة,Zeribet El Oued,Biskra
بسكرة,Biskra,Biskra
الحاجب,Biskra,Biskra
مليلي,Ourlal,Biskra
فوغالة,Foughala,Biskra
الغروس,Foughala,Biskra
برج بن عزوز,Tolga,Biskra
أورلال,Ourlal,Biskra
أوماش,Ourlal,Biskra
عين الناقة,Sidi Okba,Biskra
شتمة,Sidi Okba,Biskra
الحوش,Sidi Okba,Biskra
سيدي عقبة,Sidi Okba,Biskra
مشونش,Mechouneche,Biskra
ليوة,Ourlal,Biskra
طولقة,Tolga,Biskra
بشار,Bechar,Béchar
بوكايس,Lahmar,Béchar
لحمر,Lahmar,Béchar
موغل,Lahmar,Béchar
المريجة,Kenadsa,Béchar
تاغيت,Taghit,Béchar
العبادلة,Abadla,Béchar
عرق فراج,Abadla,Béchar
مشرع هواري بومدين,Abadla,Béchar
بني ونيف,Beni Ounif,Béchar
تبلبالة,Tabelbala,Béchar
القنادسة,Kenadsa,Béchar
بني مراد,Ouled Yaich,Blida
اولاد سلامة,Bougara,Blida
موزاية,Mouzaia,Blida
حمام ملوان,Bougara,Blida
بوقرة,Bougara,Blida
صوحان,Larbaa,Blida
الأربعاء,Larbaa,Blida
الصومعة,Boufarik,Blida
قرواو,Boufarik,Blida
بوفاريك,Boufarik,Blida
مفتاح,Meftah,Blida
الشفة,Mouzaia,Blida
عين الرمانة,Mouzaia,Blida
وادي جر,El Affroun,Blida
العفرون,El Affroun,Blida
أولاد يعيش,Ouled Yaich,Blida
الشريعة,Ouled Yaich,Blida
جبابرة,Meftah,Blida
وادي العلايق,Oued El Alleug,Blida
بن خليل,Oued El Alleug,Blida
بني تامو,Oued El Alleug,Blida
الشبلي,Bouinan,Blida
بوعينان,Bouinan,Blida
بوعرفة,Blida,Blida
البليدة,Blida,Blida
عين العلوي,Ain Bessem,Bouira
الحجرة الزرقاء,Bordj Okhriss,Bouira
مزدور,Bordj Okhriss,Bouira
تاقديت,Bordj Okhriss,Bouira
ريدان,Sour El Ghozlane,Bouira
المعمورة,Sour El Ghozlane,Bouira
الحاكمية,Sour El Ghozlane,Bouira
أهل القصر,Bechloul,Bouira
ديرة,Sour El Ghozlane,Bouira
الدشمية,Sour El Ghozlane,Bouira
بشلول,Bechloul,Bouira
آث  منصور,M'chedallah,Bouira
سحاريج,M'chedallah,Bouira
العجيبة,Bechloul,Bouira
الأسنام,Bechloul,Bouira
أمشدالة,M'chedallah,Bouira
برج أوخريص,Bordj Okhriss,Bouira
سور الغزلان,Sour El Ghozlane,Bouira
حنيف,M'chedallah,Bouira
شرفة,M'chedallah,Bouira
أولاد راشد,Bechloul,Bouira
عين الحجر,Ain Bessem,Bouira
أغبالو,M'chedallah,Bouira
روراوة,Bir Ghbalou,Bouira
الخبوزية,Bir Ghbalou,Bouira
بئر غبالو,Bir Ghbalou,Bouira
البويرة,Bouira,Bouira
عين الترك,Bouira,Bouira
أيت لعزيز,Bouira,Bouira
عين بسام,Ain Bessem,Bouira
المقراني,Souk El Khemis,Bouira
سوق الخميس,Souk El Khemis,Bouira
أعمر,Kadiria,Bouira
جباحية,Kadiria,Bouira
الهاشمية,El Hachimia,Bouira
حيزر,Haizer,Bouira
تاغزوت,Haizer,Bouira
بودربالة,Lakhdaria,Bouira
بوكرم,Lakhdaria,Bouira
قرومة,Lakhdaria,Bouira
الأخضرية,Lakhdaria,Bouira
معلة,Lakhdaria,Bouira
قادرية,Kadiria,Bouira
زبربر,Lakhdaria,Bouira
وادي البردي,El Hachimia,Bouira
تاظروك,Tazrouk,Tamanrasset
ابلسة,Silet,Tamanrasset
تمنراست,Tamanrasset,Tamanrasset
عين امقل,Tamanrasset,Tamanrasset
أدلس,Tazrouk,Tamanrasset
الحويجبات,El Malabiod,Tébessa
العوينات,El Aouinet,Tébessa
فركان,Negrine,Tébessa
نقرين,Negrine,Tébessa
بئر مقدم,Bir Mokadem,Tébessa
بئر الذهب,Morsott,Tébessa
صفصاف الوسرى,Oum Ali,Tébessa
قريقر,Bir Mokadem,Tébessa
بكارية,El Kouif,Tébessa
بولحاف الدير,El Kouif,Tébessa
أم علي,Oum Ali,Tébessa
بوخضرة,El Aouinet,Tébessa
الماء الابيض,El Malabiod,Tébessa
الونزة,Ouenza,Tébessa
المريج,Ouenza,Tébessa
عين الزرقاء,Ouenza,Tébessa
سطح قنطيس,El Ogla,Tébessa
العقلة,El Ogla,Tébessa
المزرعة,El Ogla,Tébessa
بجن,El Ogla,Tébessa
مرسط,Morsott,Tébessa
ثليجان,Cheria,Tébessa
الشريعة,Cheria,Tébessa
العقلة المالحة,Bir El Ater,Tébessa
بئر العاتر,Bir El Ater,Tébessa
تبسة,Tebessa,Tébessa
الحمامات,Bir Mokadem,Tébessa
الكويف,El Kouif,Tébessa
باب العسة,Bab El Assa,Tlemcen
تيرني بني هديل,Mansourah,Tlemcen
منصورة,Mansourah,Tlemcen
بني مستر,Mansourah,Tlemcen
عين غرابة,Mansourah,Tlemcen
شتوان,Chetouane,Tlemcen
عمير,Chetouane,Tlemcen
عين فزة,Chetouane,Tlemcen
هنين,Honnaine,Tlemcen
بني خلاد,Honnaine,Tlemcen
سيدي الجيلالي,Sidi Djillali,Tlemcen
البويهي,Sidi Djillali,Tlemcen
ندرومة,Nedroma,Tlemcen
مسيردة الفواقة,Marsa Ben Mehdi,Tlemcen
مرسى بن مهيدي,Marsa Ben Mehdi,Tlemcen
سيدي مجاهد,Beni Boussaid,Tlemcen
بني بوسعيد,Beni Boussaid,Tlemcen
سبدو,Sebdou,Tlemcen
القور,Sebdou,Tlemcen
العريشة,Sebdou,Tlemcen
بوحلو,Sabra,Tlemcen
مغنية,Maghnia,Tlemcen
حمام بوغرارة,Maghnia,Tlemcen
زناتة,Hennaya,Tlemcen
أولاد رياح,Hennaya,Tlemcen
الحناية,Hennaya,Tlemcen
سيدي العبدلي,Bensekrane,Tlemcen
سوق الثلاثاء,Bab El Assa,Tlemcen
بن سكران,Bensekrane,Tlemcen
فلاوسن,Fellaoucene,Tlemcen
عين الكبيرة,Fellaoucene,Tlemcen
عين فتاح,Fellaoucene,Tlemcen
تلمسان,Tlemcen,Tlemcen
عين النحالة,Ain Tellout,Tlemcen
عين تالوت,Ain Tellout,Tlemcen
عين يوسف,Remchi,Tlemcen
بني وارسوس,Remchi,Tlemcen
الفحول,Remchi,Tlemcen
الرمشي,Remchi,Tlemcen
سبعة شيوخ,Remchi,Tlemcen
السواني,Bab El Assa,Tlemcen
صبرة,Sabra,Tlemcen
دار يغمراسن,Ghazaouet,Tlemcen
الغزوات,Ghazaouet,Tlemcen
السواحلية,Ghazaouet,Tlemcen
تيانت,Ghazaouet,Tlemcen
بني صميل,Ouled Mimoun,Tlemcen
وادي الخضر,Ouled Mimoun,Tlemcen
أولاد ميمون,Ouled Mimoun,Tlemcen
بني بهدل,Beni Snous,Tlemcen
بني سنوس,Beni Snous,Tlemcen
العزايل,Beni Snous,Tlemcen
جبالة,Nedroma,Tlemcen
مهدية,Mahdia,Tiaret
عين دزاريت,Mahdia,Tiaret
السبعين,Mahdia,Tiaret
الفايجة,Sougueur,Tiaret
سي عبد الغني,Sougueur,Tiaret
السوقر,Sougueur,Tiaret
توسنينة,Sougueur,Tiaret
مغيلة,Meghila,Tiaret
السبت,Meghila,Tiaret
سيدي حسني,Meghila,Tiaret
عين الحديد,Frenda,Tiaret
فرندة,Frenda,Tiaret
تخمرت,Frenda,Tiaret
عين كرمس,Ain Kermes,Tiaret
جبيلات الرصفاء,Ain Kermes,Tiaret
مادنة,Ain Kermes,Tiaret
مدريسة,Ain Kermes,Tiaret
سيدي عبد الرحمن,Ain Kermes,Tiaret
قصر الشلالة,Ksar Chellala,Tiaret
قرطوفة,Rahouia,Tiaret
سرغين,Ksar Chellala,Tiaret
زمالة  الأمير عبد القادر,Ksar Chellala,Tiaret
وادي ليلي,Oued Lili,Tiaret
سيدي علي ملال,Oued Lili,Tiaret
جيلالي بن عمار,Mechraa Sfa,Tiaret
مشرع الصفا,Mechraa Sfa,Tiaret
تاقدمت,Mechraa Sfa,Tiaret
بوقرة,Hamadia,Tiaret
حمادية,Hamadia,Tiaret
الرشايقة,Hamadia,Tiaret
تيدة,Oued Lili,Tiaret
الناظورة,Mahdia,Tiaret
تيارت,Tiaret,Tiaret
مدروسة,Medroussa,Tiaret
ملاكو,Medroussa,Tiaret
سيدي بختي,Medroussa,Tiaret
عين الذهب,Ain Deheb,Tiaret
شحيمة,Ain Deheb,Tiaret
النعيمة,Ain Deheb,Tiaret
عين بوشقيف,Dahmouni,Tiaret
دحموني,Dahmouni,Tiaret
الرحوية,Rahouia,Tiaret
ميزرانـــة,Tigzirt,Tizi Ouzou
إيجــار,Bouzeguene,Tizi Ouzou
بني دوالة,Beni Douala,Tizi Ouzou
بني زيكــي,Bouzeguene,Tizi Ouzou
إيلولة أومـــالو,Bouzeguene,Tizi Ouzou
أقني قغران,Ouadhias,Tizi Ouzou
أيت بــوادو,Ouadhias,Tizi Ouzou
واضية,Ouadhias,Tizi Ouzou
تيزي نثلاثة,Ouadhias,Tizi Ouzou
أغريب,Azeffoun,Tizi Ouzou
أيت شافع,Azeffoun,Tizi Ouzou
أقرو,Azeffoun,Tizi Ouzou
أزفون,Azeffoun,Tizi Ouzou
إفليـــسن,Tigzirt,Tizi Ouzou
تيقـزيرت,Tigzirt,Tizi Ouzou
أسي يوسف,Boghni,Tizi Ouzou
بوغني,Boghni,Tizi Ouzou
بونوح,Boghni,Tizi Ouzou
مشطراس,Boghni,Tizi Ouzou
ذراع بن خدة,Draa Ben Khedda,Tizi Ouzou
سيدي نعمان,Draa Ben Khedda,Tizi Ouzou
تادمايت,Draa Ben Khedda,Tizi Ouzou
تيرمتين,Draa Ben Khedda,Tizi Ouzou
أيت بومهدي,Ouacif,Tizi Ouzou
أيت تودرت,Ouacif,Tizi Ouzou
بني عيسي,Beni Douala,Tizi Ouzou
واسيف,Ouacif,Tizi Ouzou
أيت خليلي,Mekla,Tizi Ouzou
مقــلع,Mekla,Tizi Ouzou
صوامـــع,Mekla,Tizi Ouzou
بني يني,Benni Yenni,Tizi Ouzou
إبودرارن,Benni Yenni,Tizi Ouzou
تيزي وزو,Tizi Ouzou,Tizi Ouzou
أبي يوسف,Ain El Hammam,Tizi Ouzou
عين الحمام,Ain El Hammam,Tizi Ouzou
أيت يحيى,Ain El Hammam,Tizi Ouzou
اقبيل,Ain El Hammam,Tizi Ouzou
بوجيمة,Makouda,Tizi Ouzou
ماكودة,Makouda,Tizi Ouzou
عين الزاوية,Draa El Mizan,Tizi Ouzou
أيت يحي موسى,Draa El Mizan,Tizi Ouzou
ذراع الميزان,Draa El Mizan,Tizi Ouzou
فريقات,Draa El Mizan,Tizi Ouzou
مكيرة,Tizi-Ghenif,Tizi Ouzou
تيزي غنيف,Tizi-Ghenif,Tizi Ouzou
يطــافن,Benni Yenni,Tizi Ouzou
إيلـيــلتـن,Iferhounene,Tizi Ouzou
إمســوحال,Iferhounene,Tizi Ouzou
عزازقة,Azazga,Tizi Ouzou
فريحة,Azazga,Tizi Ouzou
إيفيغاء,Azazga,Tizi Ouzou
إعــكورن,Azazga,Tizi Ouzou
زكري,Azazga,Tizi Ouzou
أيت عقـواشة,Larbaa Nath Iraten,Tizi Ouzou
إيرجـــن,Larbaa Nath Iraten,Tizi Ouzou
الأربعــاء ناث إيراثن,Larbaa Nath Iraten,Tizi Ouzou
أيت  أومالو,Tizi Rached,Tizi Ouzou
تيزي راشد,Tizi Rached,Tizi Ouzou
أيت عيسى ميمون,Ouaguenoun,Tizi Ouzou
واقنون,Ouaguenoun,Tizi Ouzou
تيمـيزار,Ouaguenoun,Tizi Ouzou
معـــاتقة,Maatkas,Tizi Ouzou
سوق الإثنين,Maatkas,Tizi Ouzou
أيت محمود,Beni Douala,Tizi Ouzou
بنــــي زمنزار,Beni Douala,Tizi Ouzou
إفــرحــونان,Iferhounene,Tizi Ouzou
بوزقــن,Bouzeguene,Tizi Ouzou
حسين داي,Hussein Dey,Alger
الكاليتوس,Baraki,Alger
سيدي موسى,Baraki,Alger
القبة,Hussein Dey,Alger
محمد بلوزداد,Hussein Dey,Alger
عين طاية,Dar El Beida,Alger
باب الزوار,Dar El Beida,Alger
برج الكيفان,Dar El Beida,Alger
الدار البيضاء,Dar El Beida,Alger
المرسى,Dar El Beida,Alger
المحمدية,Dar El Beida,Alger
بئر توتة,Birtouta,Alger
اولاد شبل,Birtouta,Alger
تسالة المرجة,Birtouta,Alger
هراوة,Rouiba,Alger
رغاية,Rouiba,Alger
الرويبة,Rouiba,Alger
المعالمة,Zeralda,Alger
الرحمانية,Zeralda,Alger
سويدانية,Zeralda,Alger
سطاوالي,Zeralda,Alger
زرالدة,Zeralda,Alger
بابا حسن,Draria,Alger
الدويرة,Draria,Alger
الدرارية,Draria,Alger
العاشور,Draria,Alger
الخرايسية,Draria,Alger
عين بنيان,Cheraga,Alger
الشراقة,Cheraga,Alger
دالي ابراهيم,Cheraga,Alger
الحمامات,Cheraga,Alger
اولاد فايت,Cheraga,Alger
الجزائر الوسطى,Sidi M'hamed,Alger
المدنية,Sidi M'hamed,Alger
المرادية,Sidi M'hamed,Alger
سيدي امحمد,Sidi M'hamed,Alger
السحاولة,Bir Mourad Rais,Alger
بولوغين بن زيري,Bab El Oued,Alger
القصبة,Bab El Oued,Alger
وادي قريش,Bab El Oued,Alger
الرايس حميدو,Bab El Oued,Alger
بئر مراد رايس,Bir Mourad Rais,Alger
بئر خادم,Bir Mourad Rais,Alger
جسر قسنطينة,Bir Mourad Rais,Alger
حيدرة,Bir Mourad Rais,Alger
المغارية,Hussein Dey,Alger
ابن عكنون,Bouzareah,Alger
بني مسوس,Bouzareah,Alger
بوزريعة,Bouzareah,Alger
الابيار,Bouzareah,Alger
باش جراح,El Harrach,Alger
بوروبة,El Harrach,Alger
الحراش,El Harrach,Alger
وادي السمار,El Harrach,Alger
براقي,Baraki,Alger
برج البحري,Dar El Beida,Alger
باب الوادي,Bab El Oued,Alger
حاسي العش,Hassi Bahbah,Djelfa
عين الإبل,Ain El Ibel,Djelfa
القديد,Charef,Djelfa
الشارف,Charef,Djelfa
بن يعقوب,Charef,Djelfa
سيدي بايزيد,Dar Chioukh,Djelfa
مليليحة,Dar Chioukh,Djelfa
دار الشيوخ,Dar Chioukh,Djelfa
تعظميت,Ain El Ibel,Djelfa
حد الصحاري,Had Sahary,Djelfa
بويرة الأحداب,Had Sahary,Djelfa
عين فقه,Had Sahary,Djelfa
سيدي لعجال,Sidi Laadjel,Djelfa
حاسي فدول,Sidi Laadjel,Djelfa
الخميس,Sidi Laadjel,Djelfa
سلمانة,Messaad,Djelfa
سد الرحال,Messaad,Djelfa
مسعد,Messaad,Djelfa
قطارة,Messaad,Djelfa
دلدول,Messaad,Djelfa
زكار,Ain El Ibel,Djelfa
دويس,El Idrissia,Djelfa
الادريسية,El Idrissia,Djelfa
عين الشهداء,El Idrissia,Djelfa
الجلفة,Djelfa,Djelfa
بيرين,Birine,Djelfa
أم العظام,Faidh El Botma,Djelfa
فيض البطمة,Faidh El Botma,Djelfa
عمورة,Faidh El Botma,Djelfa
زعفران,Hassi Bahbah,Djelfa
قرنيني,Ain Oussera,Djelfa
عين وسارة,Ain Oussera,Djelfa
بنهار,Birine,Djelfa
عين معبد,Hassi Bahbah,Djelfa
حاسي بحبح,Hassi Bahbah,Djelfa
مجبارة,Ain El Ibel,Djelfa
جيجل,Jijel,Jijel
العوانة,El Aouana,Jijel
سلمى بن زيادة,El Aouana,Jijel
أراقن سويسي,Ziamah Mansouriah,Jijel
بوسيف أولاد عسكر,Taher,Jijel
زيامة منصورية,Ziamah Mansouriah,Jijel
الشحنة,Taher,Jijel
الامير عبد القادر,Taher,Jijel
وجانة,Taher,Jijel
الطاهير,Taher,Jijel
الشقفة,Chekfa,Jijel
القنار نشفي,Chekfa,Jijel
سيدي عبد العزيز,Chekfa,Jijel
الميلية,El Milia,Jijel
أولاد يحيى خدروش,El Milia,Jijel
أولاد رابح,Sidi Marouf,Jijel
سيدي معروف,Sidi Marouf,Jijel
غبالة,Settara,Jijel
السطارة,Settara,Jijel
بوراوي بلهادف,El Ancer,Jijel
العنصر,El Ancer,Jijel
خيري واد عجول,El Ancer,Jijel
جيملة,Djimla,Jijel
قاوس,Texenna,Jijel
تاكسنة,Texenna,Jijel
برج الطهر,Chekfa,Jijel
بودريعة بني  ياجيس,Djimla,Jijel
الجمعة بني حبيبي,El Ancer,Jijel
الرصفة,Salah Bey,Sétif
واد البارد,Amoucha,Sétif
تيزي نبشار,Amoucha,Sétif
مزلوق,Ain Arnat,Sétif
قلال,Ain Oulmene,Sétif
قصر الابطال,Ain Oulmene,Sétif
أولاد سي أحمد,Ain Oulmene,Sétif
أيت نوال مزادة,Bouandas,Sétif
ايت تيزي,Bouandas,Sétif
بوعنداس,Bouandas,Sétif
بوسلام,Bouandas,Sétif
حمام السخنة,Hammam Sokhna,Sétif
الطاية,Hammam Sokhna,Sétif
التلة,Hammam Sokhna,Sétif
عين ولمان,Ain Oulmene,Sétif
بوطالب,Salah Bey,Sétif
الحامة,Salah Bey,Sétif
أولاد تبان,Salah Bey,Sétif
عموشة,Amoucha,Sétif
صالح باي,Salah Bey,Sétif
عين أزال,Ain Azel,Sétif
عين الحجر,Ain Azel,Sétif
بيضاء برج,Ain Azel,Sétif
بئر حدادة,Ain Azel,Sétif
قنزات,Guenzet,Sétif
حربيل,Guenzet,Sétif
عين الروى,Bougaa,Sétif
بني وسين,Bougaa,Sétif
أوريسيا,Ain Arnat,Sétif
بوقاعة,Bougaa,Sétif
ذراع قبيلة,Hammam Guergour,Sétif
حمام قرقور,Hammam Guergour,Sétif
سطيف,Setif,Sétif
عين الكبيرة,Ain El Kebira,Sétif
الدهامشة,Ain El Kebira,Sétif
أولاد عدوان,Ain El Kebira,Sétif
عين السبت,Beni Aziz,Sétif
بني عزيز,Beni Aziz,Sétif
معاوية,Beni Aziz,Sétif
بلاعة,Bir El Arch,Sétif
بئر العرش,Bir El Arch,Sétif
الولجة,Bir El Arch,Sétif
تاشودة,Bir El Arch,Sétif
تالة إيفاسن,Maoklane,Sétif
سرج الغول,Babor,Sétif
قجال,Guidjel,Sétif
أولاد صابر,Guidjel,Sétif
بازر سكرة,El Eulma,Sétif
العلمة,El Eulma,Sétif
قلتة زرقاء,El Eulma,Sétif
بني فودة,Djemila,Sétif
جميلة,Djemila,Sétif
عين لقراج,Beni Ourtilane,Sétif
بني شبانة,Beni Ourtilane,Sétif
بني ورتيلان,Beni Ourtilane,Sétif
بني موحلي,Beni Ourtilane,Sétif
عين عباسة,Ain Arnat,Sétif
عين أرنات,Ain Arnat,Sétif
بابور,Babor,Sétif
ماوكلان,Maoklane,Sétif
سعيدة,Saida,Saïda
تيرسين,Ouled Brahim,Saïda
أولاد إبراهيم,Ouled Brahim,Saïda
عين السلطان,Ouled Brahim,Saïda
المعمورة,El Hassasna,Saïda
الحساسنة,El Hassasna,Saïda
عين السخونة,El Hassasna,Saïda
سيدي بوبكر,Sidi Boubekeur,Saïda
أولاد خالد,Sidi Boubekeur,Saïda
هونت,Sidi Boubekeur,Saïda
يوب,Youb,Saïda
دوي ثابت,Youb,Saïda
سيدي احمد,Ain El Hadjar,Saïda
مولاي العربي,Ain El Hadjar,Saïda
عين الحجر,Ain El Hadjar,Saïda
سيدي عمر,Sidi Boubekeur,Saïda
عين بوزيان,Sidi Mezghiche,Skikda
صالح بو الشعور,El Harrouch,Skikda
الحدائق,El Hadaiek,Skikda
زردازة,El Harrouch,Skikda
أولاد حبابة,El Harrouch,Skikda
بني ولبان,Sidi Mezghiche,Skikda
سيدي مزغيش,Sidi Mezghiche,Skikda
بني بشير,Ramdane Djamel,Skikda
رمضان جمال,Ramdane Djamel,Skikda
بين الويدان,Tamalous,Skikda
مجاز الدشيش,El Harrouch,Skikda
تمالوس,Tamalous,Skikda
عين قشرة,Ain Kechra,Skikda
الولجة بولبلوط,Ain Kechra,Skikda
أم الطوب,Oum Toub,Skikda
الغدير,Azzaba,Skikda
الكركرة,Tamalous,Skikda
الحروش,El Harrouch,Skikda
الزيتونة,Zitouna,Skikda
أولاد عطية,Ouled Attia,Skikda
وادي الزهور,Ouled Attia,Skikda
القل,Collo,Skikda
الشرايع,Collo,Skikda
بني زيد,Collo,Skikda
خناق مايو,Ouled Attia,Skikda
المرسى,Ben Azzouz,Skikda
بن عزوز,Ben Azzouz,Skikda
بكوش لخضر,Ben Azzouz,Skikda
السبت,Azzaba,Skikda
عين شرشار,Azzaba,Skikda
عزابة,Azzaba,Skikda
بوشطاطة,El Hadaiek,Skikda
فلفلة,Skikda,Skikda
حمادي كرومة,Skikda,Skikda
سكيكدة,Skikda,Skikda
عين زويت,El Hadaiek,Skikda
جندل سعدي محمد,Azzaba,Skikda
قنواع,Zitouna,Skikda
سيدي علي بن يوب,Sidi Ali Ben Youb,Sidi Bel Abbès
مولاي سليسن,Moulay Slissen,Sidi Bel Abbès
الحصيبة,Moulay Slissen,Sidi Bel Abbès
عين تندمين,Moulay Slissen,Sidi Bel Abbès
تنيرة,Tenira,Sidi Bel Abbès
وادي سفيون,Tenira,Sidi Bel Abbès
حاسي دحو,Tenira,Sidi Bel Abbès
وادي تاوريرة,Merine,Sidi Bel Abbès
بن عشيبة شلية,Tenira,Sidi Bel Abbès
سيدي يعقوب,Sidi Lahcene,Sidi Bel Abbès
سيدي لحسن,Sidi Lahcene,Sidi Bel Abbès
سيدي خالد,Sidi Lahcene,Sidi Bel Abbès
طابية,Sidi Ali Ben Youb,Sidi Bel Abbès
سيدي ابراهيم,Ain El Berd,Sidi Bel Abbès
العمارنة,Sidi Lahcene,Sidi Bel Abbès
بوخنفيس,Sidi Ali Ben Youb,Sidi Bel Abbès
حاسي زهانة,Ben Badis,Sidi Bel Abbès
شيطوان البلايلة,Ben Badis,Sidi Bel Abbès
بن باديس,Ben Badis,Sidi Bel Abbès
بضرابين المقراني,Ben Badis,Sidi Bel Abbès
سفيزف,Sfisef,Sidi Bel Abbès
مسيد,Sfisef,Sidi Bel Abbès
بوجبهة البرج,Sfisef,Sidi Bel Abbès
عين أدن,Sfisef,Sidi Bel Abbès
سيدي حمادوش,Ain El Berd,Sidi Bel Abbès
سيدي شعيب,Marhoum,Sidi Bel Abbès
مكدرة,Ain El Berd,Sidi Bel Abbès
عين البرد,Ain El Berd,Sidi Bel Abbès
رجم دموش,Ras El Ma,Sidi Bel Abbès
راس الماء,Ras El Ma,Sidi Bel Abbès
وادي السبع,Ras El Ma,Sidi Bel Abbès
مرحوم,Marhoum,Sidi Bel Abbès
سيدي بلعباس,Sidi Bel Abbes,Sidi Bel Abbès
عين الثريد,Tessala,Sidi Bel Abbès
السهالة الثورة,Tessala,Sidi Bel Abbès
تسالة,Tessala,Sidi Bel Abbès
بلعربي,Mostefa  Ben Brahim,Sidi Bel Abbès
مصطفى بن ابراهيم,Mostefa  Ben Brahim,Sidi Bel Abbès
تلموني,Mostefa  Ben Brahim,Sidi Bel Abbès
زروالة,Mostefa  Ben Brahim,Sidi Bel Abbès
الضاية,Telagh,Sidi Bel Abbès
مزاورو,Telagh,Sidi Bel Abbès
تغاليمت,Telagh,Sidi Bel Abbès
تلاغ,Telagh,Sidi Bel Abbès
عين قادة,Sidi Ali Boussidi,Sidi Bel Abbès
لمطار,Sidi Ali Boussidi,Sidi Bel Abbès
سيدي علي بوسيدي,Sidi Ali Boussidi,Sidi Bel Abbès
سيدي دحو الزاير,Sidi Ali Boussidi,Sidi Bel Abbès
بئر الحمام,Marhoum,Sidi Bel Abbès
مرين,Merine,Sidi Bel Abbès
تفسور,Merine,Sidi Bel Abbès
تاودموت,Merine,Sidi Bel Abbès
عنابة,Annaba,Annaba
سرايدي,Annaba,Annaba
برحال,Berrahal,Annaba
واد العنب,Berrahal,Annaba
الحجار,El Hadjar,Annaba
سيدي عمار,El Hadjar,Annaba
البوني,El Bouni,Annaba
عين الباردة,Ain El Berda,Annaba
الشرفة,Ain El Berda,Annaba
العلمة,Ain El Berda,Annaba
التريعات,Berrahal,Annaba
شطايبي,Chetaibi,Annaba
نشماية,Guelaat Bousbaa,Guelma
بوحمدان,Hammam Debagh,Guelma
حمام دباغ,Hammam Debagh,Guelma
الركنية,Hammam Debagh,Guelma
الدهوارة,Hammam N'bails,Guelma
حمام النبايل,Hammam N'bails,Guelma
قالمة,Guelma,Guelma
بومهرة أحمد,Guelaat Bousbaa,Guelma
عين بن بيضاء,Bouchegouf,Guelma
بوشقوف,Bouchegouf,Guelma
مجاز الصفاء,Bouchegouf,Guelma
وادي فراغة,Bouchegouf,Guelma
بوعاتي محمود,Heliopolis,Guelma
الفجوج,Heliopolis,Guelma
هيليوبوليس,Heliopolis,Guelma
مجاز عمار,Ain Hessainia,Guelma
هواري بومدين,Ain Hessainia,Guelma
رأس العقبة,Ain Hessainia,Guelma
سلاوة عنونة,Ain Hessainia,Guelma
جبالة الخميسي,Guelaat Bousbaa,Guelma
برج صباط,Oued Zenati,Guelma
وادي الزناتي,Oued Zenati,Guelma
عين رقادة,Oued Zenati,Guelma
عين العربي,Ain Makhlouf,Guelma
عين مخلوف,Ain Makhlouf,Guelma
تاملوكة,Ain Makhlouf,Guelma
عين صندل,Khezaras,Guelma
بوحشانة,Khezaras,Guelma
لخزارة,Khezaras,Guelma
بلخير,Guelaat Bousbaa,Guelma
بني مزلين,Guelaat Bousbaa,Guelma
قلعة بوصبع,Guelaat Bousbaa,Guelma
وادي الشحم,Hammam N'bails,Guelma
بن جراح,Guelma,Guelma
ديدوش مراد,Hamma Bouziane,Constantine
حامة بوزيان,Hamma Bouziane,Constantine
بني حميدان,Zighoud Youcef,Constantine
زيغود يوسف,Zighoud Youcef,Constantine
عين السمارة,El Khroub,Constantine
الخروب,El Khroub,Constantine
أولاد رحمون,El Khroub,Constantine
عين عبيد,Ain Abid,Constantine
أبن باديس الهرية,Ain Abid,Constantine
ابن زياد,Ibn Ziad,Constantine
بوجريو مسعود,Ibn Ziad,Constantine
قسنطينة,Constantine,Constantine
أولاد هلال,Ouled Antar,Médéa
السواقي,Souaghi,Médéa
قصر البخاري,Ksar El Boukhari,Médéa
مفاتحة,Ksar El Boukhari,Médéa
السانق,Ksar El Boukhari,Médéa
العزيزية,El Azizia,Médéa
مغراوة,El Azizia,Médéa
ميهوب,El Azizia,Médéa
بوعيش,Chahbounia,Médéa
بوغزول,Chahbounia,Médéa
الشهبونية,Chahbounia,Médéa
حناشة,Ouamri,Médéa
عوامري,Ouamri,Médéa
وادي حربيل,Ouamri,Médéa
بني سليمان,Beni Slimane,Médéa
بوعيشون,Si Mahdjoub,Médéa
أولاد بوعشرة,Si Mahdjoub,Médéa
سي المحجوب,Si Mahdjoub,Médéa
بوسكن,Beni Slimane,Médéa
سيدي الربيع,Beni Slimane,Médéa
البرواقية,Berrouaghia,Médéa
أولاد دايد,Berrouaghia,Médéa
الربعية,Berrouaghia,Médéa
مجبر,Seghouane,Médéa
ثلاث دوائر,Seghouane,Médéa
الزبيرية,Seghouane,Médéa
العيساوية,Tablat,Médéa
الحوضان,Tablat,Médéa
مزغنة,Tablat,Médéa
تابلاط,Tablat,Médéa
بوغار,Ouled Antar,Médéa
سغوان,Seghouane,Médéa
ذراع السمار,Medea,Médéa
المدية,Medea,Médéa
تمسقيدة,Medea,Médéa
بن شكاو,Ouzera,Médéa
الحمدانية,Ouzera,Médéa
وزرة,Ouzera,Médéa
تيزي مهدي,Ouzera,Médéa
عين بوسيف,Ain Boucif,Médéa
العوينات,Ain Boucif,Médéa
الكاف الاخضر,Ain Boucif,Médéa
أولاد امعرف,Ain Boucif,Médéa
سيدي دامد,Ain Boucif,Médéa
بعطة,El Omaria,Médéa
العمارية,El Omaria,Médéa
أولاد إبراهيم,El Omaria,Médéa
بئر بن عابد,Guelb El Kebir,Médéa
القلب الكبير,Guelb El Kebir,Médéa
سدراية,Guelb El Kebir,Médéa
عين اقصير,Chellalat El Adhaoura,Médéa
شلالة العذاورة,Chellalat El Adhaoura,Médéa
شنيقل,Chellalat El Adhaoura,Médéa
تفراوت,Chellalat El Adhaoura,Médéa
بوشراحيل,Sidi Naamane,Médéa
خمس جوامع,Sidi Naamane,Médéa
سيدي نعمان,Sidi Naamane,Médéa
عزيز,Aziz,Médéa
دراق,Aziz,Médéa
أم الجليل,Aziz,Médéa
جواب,Souaghi,Médéa
سيدي زهار,Souaghi,Médéa
سيدي زيان,Souaghi,Médéa
أولاد عنتر,Ouled Antar,Médéa
فرناقة,Ain Nouicy,Mostaganem
وادي الخير,Ain Tedeles,Mostaganem
الحسيان (بني ياحي,Ain Nouicy,Mostaganem
حاسي ماماش,Hassi Mameche,Mostaganem
مزغران,Hassi Mameche,Mostaganem
ستيدية,Hassi Mameche,Mostaganem
عين تادلس,Ain Tedeles,Mostaganem
سيدي بلعطار,Ain Tedeles,Mostaganem
سور,Ain Tedeles,Mostaganem
عين بودينار,Kheir Eddine,Mostaganem
خير الدين,Kheir Eddine,Mostaganem
صيادة,Kheir Eddine,Mostaganem
سيدي علي,Sidi Ali,Mostaganem
تزقايت,Sidi Ali,Mostaganem
بن عبد المالك رمضان,Sidi Lakhdar,Mostaganem
مستغانم,Mostaganem,Mostaganem
حجاج,Sidi Lakhdar,Mostaganem
سيدي لخضر,Sidi Lakhdar,Mostaganem
عشعاشة,Achaacha,Mostaganem
خضرة,Achaacha,Mostaganem
نكمارية,Achaacha,Mostaganem
أولاد بوغالم,Achaacha,Mostaganem
بوقيراط,Bouguirat,Mostaganem
صفصاف,Bouguirat,Mostaganem
سيرات,Bouguirat,Mostaganem
السوافلية,Bouguirat,Mostaganem
عين سيدي الشريف,Mesra,Mostaganem
منصورة,Mesra,Mostaganem
ماسرة,Mesra,Mostaganem
الطواهرية,Mesra,Mostaganem
عين نويسي,Ain Nouicy,Mostaganem
أولاد مع الله,Sidi Ali,Mostaganem
شلال,Chellal,M'Sila
أولاد ماضي,Chellal,M'Sila
خطوطي سد الجير,Chellal,M'Sila
بلعايبة,Magra,M'Sila
برهوم,Magra,M'Sila
دهاهنة,Magra,M'Sila
مقرة,Magra,M'Sila
بني يلمان,Sidi Aissa,M'Sila
بوطي السايح,Sidi Aissa,M'Sila
سيدي عيسى,Sidi Aissa,M'Sila
عين الحجل,Ain El Hadjel,M'Sila
سيدي هجرس,Ain El Hadjel,M'Sila
بوسعادة,Bousaada,M'Sila
الهامل,Bousaada,M'Sila
ولتام,Bousaada,M'Sila
بن زوه,Ouled Sidi Brahim,M'Sila
أولاد سيدي ابراهيم,Ouled Sidi Brahim,M'Sila
سيدي عامر,Sidi Ameur,M'Sila
تامسة,Sidi Ameur,M'Sila
بن سرور,Ben Srour,M'Sila
محمد بوضياف,Ben Srour,M'Sila
أولاد سليمان,Ben Srour,M'Sila
زرزور,Ben Srour,M'Sila
عين الملح,Ain El Melh,M'Sila
عين فارس,Ain El Melh,M'Sila
عين الريش,Ain El Melh,M'Sila
بئر فضة,Ain El Melh,M'Sila
سيدي امحمد,Ain El Melh,M'Sila
امجدل,Medjedel,M'Sila
مناعة,Medjedel,M'Sila
جبل مساعد,Djebel Messaad,M'Sila
سليم,Djebel Messaad,M'Sila
المسيلة,M'sila,M'Sila
حمام الضلعة,Hammam Dalaa,M'Sila
ونوغة,Hammam Dalaa,M'Sila
أولاد منصور,Hammam Dalaa,M'Sila
تارمونت,Hammam Dalaa,M'Sila
المعاضيد,Ouled Derradj,M'Sila
المطارفة,Ouled Derradj,M'Sila
معاريف,Chellal,M'Sila
أولاد دراج,Ouled Derradj,M'Sila
السوامع,Ouled Derradj,M'Sila
الحوامد,Khoubana,M'Sila
خبانة,Khoubana,M'Sila
مسيف,Khoubana,M'Sila
عين الخضراء,Magra,M'Sila
أولاد عدي لقبالة,Ouled Derradj,M'Sila
وادي الأبطال,Oued El Abtal,Mascara
سيدي عبد المومن,Mohammadia,Mascara
سجرارة,Mohammadia,Mascara
المحمدية,Mohammadia,Mascara
تيغنيف,Tighennif,Mascara
مقطع الدوز,Mohammadia,Mascara
فراقيق,Mohammadia,Mascara
الغمري,Mohammadia,Mascara
زهانة,Zahana,Mascara
القعدة,Zahana,Mascara
رأس عين عميروش,Oggaz,Mascara
عقاز,Oggaz,Mascara
العلايمية,Oggaz,Mascara
سيق,Sig,Mascara
الشرفاء,Sig,Mascara
بوهني,Sig,Mascara
المأمونية,Ain Fares,Mascara
القطنة,Bouhanifia,Mascara
عين فارس,Ain Fares,Mascara
غروس,Aouf,Mascara
بنيان,Aouf,Mascara
عوف,Aouf,Mascara
قرجوم,Oued Taria,Mascara
عين أفرص,Ain Fekan,Mascara
عين فكان,Ain Fekan,Mascara
خلوية,El Bordj,Mascara
المنور,El Bordj,Mascara
البرج,El Bordj,Mascara
سيدي بوسعيد,Ghriss,Mascara
المطمور,Ghriss,Mascara
سيدي قادة,Tighennif,Mascara
ماقضة,Ghriss,Mascara
معسكر,Mascara,Mascara
بوحنيفية,Bouhanifia,Mascara
غريس,Ghriss,Mascara
حسين,Bouhanifia,Mascara
القرط,Tizi,Mascara
فروحة,Tizi,Mascara
تيزي,Tizi,Mascara
السهايلية,Tighennif,Mascara
ماوسة,Ghriss,Mascara
سيدي عبد الجبار,Oued El Abtal,Mascara
الحشم,Hachem,Mascara
نسمط,Hachem,Mascara
زلامطة,Hachem,Mascara
عين فراح,Oued El Abtal,Mascara
وادي التاغية,Oued Taria,Mascara
ورقلة,Ouargla,Ouargla
حاسي مسعود,Hassi Messaoud,Ouargla
عين البيضاء,Sidi Khouiled,Ouargla
حاسي بن عبد الله,Sidi Khouiled,Ouargla
سيدي خويلد,Sidi Khouiled,Ouargla
البرمة,El Borma,Ouargla
الرويسات,Ouargla,Ouargla
انقوسة,N'goussa,Ouargla
سيدي الشحمي,Es Senia,Oran
حاسي مفسوخ,Gdyel,Oran
بئر الجير,Bir El Djir,Oran
حاسي بن عقبة,Bir El Djir,Oran
قديل,Gdyel,Oran
حاسي بونيف,Bir El Djir,Oran
الكرمة,Es Senia,Oran
السانية,Es Senia,Oran
بن فريحة,Gdyel,Oran
أرزيو,Arzew,Oran
سيدي بن يبقى,Arzew,Oran
عين البية,Bethioua,Oran
بطيوة,Bethioua,Oran
مرسى الحجاج,Bethioua,Oran
عين الترك,Ain Turk,Oran
وهران,Oran,Oran
العنصر,Ain Turk,Oran
المرسى الكبير,Ain Turk,Oran
بوفاتيس,Oued Tlelat,Oran
البراية,Oued Tlelat,Oran
وادي تليلات,Oued Tlelat,Oran
عين الكرمة,Boutlelis,Oran
بوتليليس,Boutlelis,Oran
مسرغين,Boutlelis,Oran
بوسفر,Ain Turk,Oran
طفراوي,Oued Tlelat,Oran
عين العراك,Labiodh Sidi Cheikh,El Bayadh
كراكدة,Brezina,El Bayadh
سيدي سليمان,Boualem,El Bayadh
سيدي عامر,Boualem,El Bayadh
بوعلام,Boualem,El Bayadh
البنود,Labiodh Sidi Cheikh,El Bayadh
بوقطب,Bougtoub,El Bayadh
الخيثر,Bougtoub,El Bayadh
توسمولين,Bougtoub,El Bayadh
سيدي طيفور,Boualem,El Bayadh
ستيتن,Boualem,El Bayadh
البيض,El Bayadh,El Bayadh
رقاصة,Rogassa,El Bayadh
المحرة,Chellala,El Bayadh
الكاف الأحمر,Rogassa,El Bayadh
بريزينة,Brezina,El Bayadh
الغاسول,Brezina,El Bayadh
الأبيض سيدي الشيخ,Labiodh Sidi Cheikh,El Bayadh
بوسمغون,Boussemghoun,El Bayadh
الشقيق,Rogassa,El Bayadh
شلالة,Chellala,El Bayadh
اربوات,Labiodh Sidi Cheikh,El Bayadh
برج عمر إدريس,In Amenas,Illizi
دبداب,In Amenas,Illizi
إن أمناس,In Amenas,Illizi
إيليزي,Illizi,Illizi
الحمادية,El Hamadia,Bordj Bou Arreridj
أولاد سيدي ابراهيم,Mansourah,Bordj Bou Arreridj
عين تاغروت,Ain Taghrout,Bordj Bou Arreridj
تيكستار,Ain Taghrout,Bordj Bou Arreridj
بليمور,Bordj Ghedir,Bordj Bou Arreridj
العناصر,Bordj Ghedir,Bordj Bou Arreridj
غيلاسة,Bordj Ghedir,Bordj Bou Arreridj
تقلعيت,Bordj Ghedir,Bordj Bou Arreridj
برج الغدير,Bordj Ghedir,Bordj Bou Arreridj
العش,El Hamadia,Bordj Bou Arreridj
سيدي أمبارك,Bir Kasdali,Bordj Bou Arreridj
خليل,Bir Kasdali,Bordj Bou Arreridj
بئر قاصد علي,Bir Kasdali,Bordj Bou Arreridj
تفرق,Djaafra,Bordj Bou Arreridj
الماين,Djaafra,Bordj Bou Arreridj
جعافرة,Djaafra,Bordj Bou Arreridj
القلة,Djaafra,Bordj Bou Arreridj
ثنية النصر,Medjana,Bordj Bou Arreridj
المهير,Mansourah,Bordj Bou Arreridj
القصور,El Hamadia,Bordj Bou Arreridj
المنصورة,Mansourah,Bordj Bou Arreridj
حرازة,Mansourah,Bordj Bou Arreridj
الرابطة,El Hamadia,Bordj Bou Arreridj
الياشير,Medjana,Bordj Bou Arreridj
حسناوة,Medjana,Bordj Bou Arreridj
مجانة,Medjana,Bordj Bou Arreridj
عين تسرة,Ras El Oued,Bordj Bou Arreridj
أولاد أبراهم,Ras El Oued,Bordj Bou Arreridj
رأس الوادي,Ras El Oued,Bordj Bou Arreridj
برج زمورة,Bordj Zemmoura,Bordj Bou Arreridj
أولاد دحمان,Bordj Zemmoura,Bordj Bou Arreridj
تسامرت,Bordj Zemmoura,Bordj Bou Arreridj
برج بوعريرج,Bordj Bou Arreridj,Bordj Bou Arreridj
بن داود,Mansourah,Bordj Bou Arreridj
الخروبة,Boudouaou,Boumerdès
دلس,Dellys,Boumerdès
بن شود,Dellys,Boumerdès
أعفير,Dellys,Boumerdès
الثنية,Thenia,Boumerdès
بني عمران,Thenia,Boumerdès
خميس الخشنة,Khemis El Khechna,Boumerdès
عمال,Thenia,Boumerdès
تيمزريت,Isser,Boumerdès
زموري,Bordj Menaiel,Boumerdès
الاربعطاش,Khemis El Khechna,Boumerdès
يسر,Isser,Boumerdès
شعبة العامر,Isser,Boumerdès
أولاد عيسى,Naciria,Boumerdès
الناصرية,Naciria,Boumerdès
بوزقزة قدارة,Boudouaou,Boumerdès
سوق الحد,Thenia,Boumerdès
سيدي داود,Baghlia,Boumerdès
بغلية,Baghlia,Boumerdès
لقاطة,Bordj Menaiel,Boumerdès
جنات,Bordj Menaiel,Boumerdès
تيجلابين,Boumerdes,Boumerdès
سي مصطفى,Isser,Boumerdès
أولاد هداج,Boudouaou,Boumerdès
أولاد موسى,Khemis El Khechna,Boumerdès
بومرداس,Boumerdes,Boumerdès
قورصو,Boumerdes,Boumerdès
برج منايل,Bordj Menaiel,Boumerdès
بودواو,Boudouaou,Boumerdès
بودواو البحري,Boudouaou,Boumerdès
تاورقة,Baghlia,Boumerdès
حمادي,Khemis El Khechna,Boumerdès
عين العسل,El Tarf,El Tarf
بوقوس,El Tarf,El Tarf
الطارف,El Tarf,El Tarf
الزيتونة,El Tarf,El Tarf
البسباس,Besbes,El Tarf
عين الكرمة,Bouhadjar,El Tarf
بوحجار,Bouhadjar,El Tarf
حمام بني صالح,Bouhadjar,El Tarf
وادي الزيتون,Bouhadjar,El Tarf
بن مهيدي,Ben M'hidi,El Tarf
بريحان,Ben M'hidi,El Tarf
شبيطة مختار,Drean,El Tarf
الشط,Ben M'hidi,El Tarf
العيون,El Kala,El Tarf
القالة,El Kala,El Tarf
السوارخ,El Kala,El Tarf
زريزر,Besbes,El Tarf
بوثلجة,Bouteldja,El Tarf
الشافية,Bouteldja,El Tarf
بحيرة الطيور,Bouteldja,El Tarf
شحاني,Drean,El Tarf
رمل السوق,El Kala,El Tarf
عصفور,Besbes,El Tarf
الذرعـان,Drean,El Tarf
تندوف,Tindouf,Tindouf
أم العسل,Tindouf,Tindouf
خميستي,Khemisti,Tissemsilt
ثنية الاحد,Theniet El Had,Tissemsilt
أولاد بسام,Tissemsilt,Tissemsilt
سيدي بوتوشنت,Theniet El Had,Tissemsilt
تيسمسيلت,Tissemsilt,Tissemsilt
سيدي العنتري,Lardjem,Tissemsilt
بني شعيب,Bordj Bounaama,Tissemsilt
بني لحسن,Bordj Bounaama,Tissemsilt
سيدي عابد,Ammari,Tissemsilt
سيدي سليمان,Bordj Bounaama,Tissemsilt
بوقائد,Lazharia,Tissemsilt
الأربعاء,Lazharia,Tissemsilt
الأزهرية,Lazharia,Tissemsilt
لرجام,Lardjem,Tissemsilt
الملعب,Lardjem,Tissemsilt
العيون,Khemisti,Tissemsilt
تملاحت,Lardjem,Tissemsilt
اليوسفية,Bordj Emir Abdelkader,Tissemsilt
برج الأمير عبد القادر,Bordj Emir Abdelkader,Tissemsilt
عماري,Ammari,Tissemsilt
المعاصم,Ammari,Tissemsilt
برج بونعامة,Bordj Bounaama,Tissemsilt
دوار الماء,Taleb Larbi,El Oued
العقلة,Robbah,El Oued
المقرن,Magrane,El Oued
سيدي عون,Magrane,El Oued
اميه وانسة,Mih Ouensa,El Oued
كوينين,El Oued,El Oued
البياضة,Bayadha,El Oued
النخلة,Robbah,El Oued
الرباح,Robbah,El Oued
قمار,Guemar,El Oued
بن  قشة,Taleb Larbi,El Oued
ورماس,Guemar,El Oued
تغزوت,Guemar,El Oued
الحمراية,Reguiba,El Oued
الرقيبة,Reguiba,El Oued
الدبيلة,Debila,El Oued
حساني عبد الكريم,Debila,El Oued
حاسي خليفة,Hassi Khalifa,El Oued
الطريفاوي,Hassi Khalifa,El Oued
الطالب العربي,Taleb Larbi,El Oued
وادي العلندة,Mih Ouensa,El Oued
الوادي,El Oued,El Oued
خيران,Chechar,Khenchela
بابار,Babar,Khenchela
المحمل,Ouled Rechache,Khenchela
أولاد رشاش,Ouled Rechache,Khenchela
جلال,Chechar,Khenchela
يابوس,Bouhmama,Khenchela
خنشلة,Khenchela,Khenchela
قايس,Kais,Khenchela
شلية,Bouhmama,Khenchela
الرميلة,Kais,Khenchela
تاوزيانت,Kais,Khenchela
بغاي,El Hamma,Khenchela
الحامة,El Hamma,Khenchela
انسيغة,El Hamma,Khenchela
طامزة,El Hamma,Khenchela
عين الطويلة,Ain Touila,Khenchela
متوسة,Ain Touila,Khenchela
بوحمامة,Bouhmama,Khenchela
الولجة,Chechar,Khenchela
مصارة,Bouhmama,Khenchela
ششار,Chechar,Khenchela
سوق أهراس,Souk Ahras,Souk Ahras
عين سلطان,Sedrata,Souk Ahras
سدراتة,Sedrata,Souk Ahras
الحنانشة,Mechroha,Souk Ahras
المشروحة,Mechroha,Souk Ahras
عين الزانة,Ouled Driss,Souk Ahras
أولاد إدريس,Ouled Driss,Souk Ahras
ترقالت,Oum El Adhaim,Souk Ahras
أم العظايم,Oum El Adhaim,Souk Ahras
وادي الكبريت,Oum El Adhaim,Souk Ahras
تيفاش,M'daourouche,Souk Ahras
الراقوبة,M'daourouche,Souk Ahras
الدريعة,Taoura,Souk Ahras
تاورة,Taoura,Souk Ahras
الزعرورية,Taoura,Souk Ahras
الحدادة,Haddada,Souk Ahras
الخضارة,Haddada,Souk Ahras
أولاد مومن,Haddada,Souk Ahras
المراهنة,Merahna,Souk Ahras
ويلان,Merahna,Souk Ahras
سيدي فرج,Merahna,Souk Ahras
بئر بوحوش,Bir Bouhouche,Souk Ahras
سافل الويدان,Bir Bouhouche,Souk Ahras
خميسة,Sedrata,Souk Ahras
مداوروش,M'daourouche,Souk Ahras
الزوابي,Bir Bouhouche,Souk Ahras
حجوط,Hadjout,Tipaza
مراد,Hadjout,Tipaza
مناصر,Sidi Amar,Tipaza
أغبال,Gouraya,Tipaza
الناظور,Sidi Amar,Tipaza
سيدي عامر,Sidi Amar,Tipaza
قوراية,Gouraya,Tipaza
مسلمون,Gouraya,Tipaza
شرشال,Cherchell,Tipaza
حجرة النص,Cherchell,Tipaza
سيدي غيلاس,Cherchell,Tipaza
الداموس,Damous,Tipaza
الأرهاط,Damous,Tipaza
فوكة,Fouka,Tipaza
عين تاقورايت,Bou Ismail,Tipaza
بوهارون,Bou Ismail,Tipaza
بواسماعيل,Bou Ismail,Tipaza
خميستي,Bou Ismail,Tipaza
أحمر العين,Ahmar El Ain,Tipaza
بورقيقة,Ahmar El Ain,Tipaza
دواودة,Fouka,Tipaza
سيدي راشد,Ahmar El Ain,Tipaza
الحطاطبة,Kolea,Tipaza
الشعيبة,Kolea,Tipaza
القليعة,Kolea,Tipaza
سيدي سميان,Cherchell,Tipaza
تيبازة,Tipaza,Tipaza
بني ميلك,Damous,Tipaza
مشيرة,Teleghma,Mila
العياضي برباس,Ain Beida Harriche,Mila
 عين البيضاء أحريش,Ain Beida Harriche,Mila
تسالة لمطاعي,Terrai Bainen,Mila
ترعي باينان,Terrai Bainen,Mila
اعميرة اراس,Terrai Bainen,Mila
تسدان حدادة,Tassadane Haddada,Mila
مينار زارزة,Tassadane Haddada,Mila
سيدي مروان,Sidi Merouane,Mila
الشيقارة,Sidi Merouane,Mila
حمالة,Grarem Gouga,Mila
القرارم قوقة,Grarem Gouga,Mila
تيبرقنت,Rouached,Mila
الرواشد,Rouached,Mila
دراحي بوصلاح,Bouhatem,Mila
زغاية,Oued Endja,Mila
وادي النجاء,Oued Endja,Mila
أحمد راشدي,Oued Endja,Mila
تاجنانت,Tadjenanet,Mila
عين الملوك,Chelghoum Laid,Mila
أولاد اخلوف,Tadjenanet,Mila
بن يحي عبد الرحمن,Tadjenanet,Mila
التلاغمة,Teleghma,Mila
وادي سقان,Teleghma,Mila
وادي العثمانية,Chelghoum Laid,Mila
عين التين,Mila,Mila
شلغوم العيد,Chelghoum Laid,Mila
يحي بني قشة,Ferdjioua,Mila
فرجيوة,Ferdjioua,Mila
سيدي خليفة,Mila,Mila
ميلة,Mila,Mila
بوحاتم,Bouhatem,Mila
خميس مليانة,Khemis,Aïn Defla
سيدي الأخضر,Khemis,Aïn Defla
عين البنيان,Hammam Righa,Aïn Defla
عين التركي,Hammam Righa,Aïn Defla
حمام ريغة,Hammam Righa,Aïn Defla
بوراشد,Djelida,Aïn Defla
الحسينية,Boumedfaa,Aïn Defla
جليدة,Djelida,Aïn Defla
عريب,El Amra,Aïn Defla
جمعة أولاد الشيخ,Djelida,Aïn Defla
العامرة,El Amra,Aïn Defla
العطاف,El Attaf,Aïn Defla
تبركانين,El Attaf,Aïn Defla
عين بويحيى,El Abadia,Aïn Defla
العبادية,El Abadia,Aïn Defla
تاشتة زقاغة,El Abadia,Aïn Defla
بربوش,Djendel,Aïn Defla
جندل,Djendel,Aïn Defla
بن علال,Miliana,Aïn Defla
وادي الشرفاء,Djendel,Aïn Defla
بومدفع,Boumedfaa,Aïn Defla
عين الاشياخ,Ain Lechiakh,Aïn Defla
عين السلطان,Ain Lechiakh,Aïn Defla
واد الجمعة,Ain Lechiakh,Aïn Defla
الماين,Rouina,Aïn Defla
الروينة,Rouina,Aïn Defla
زدين,Rouina,Aïn Defla
بئر ولد خليفة,Bordj El Emir Khaled,Aïn Defla
برج الأمير خالد,Bordj El Emir Khaled,Aïn Defla
طارق بن زياد,Bordj El Emir Khaled,Aïn Defla
بطحية,Bathia,Aïn Defla
بلعاص,Bathia,Aïn Defla
الحسانية,Bathia,Aïn Defla
عين الدفلى,Ain Defla,Aïn Defla
مليانة,Miliana,Aïn Defla
المخاطرية,El Amra,Aïn Defla
تيوت,Ain Sefra,Naâma
مغرار,Moghrar,Naâma
عسلة,Asla,Naâma
القصدير,Mekmen Ben Amar,Naâma
مكمن بن عمار,Mekmen Ben Amar,Naâma
عين الصفراء,Ain Sefra,Naâma
المشرية,Mecheria,Naâma
البيوض,Mecheria,Naâma
عين بن خليل,Mecheria,Naâma
النعامة,Naama,Naâma
جنين بورزق,Moghrar,Naâma
سفيسيفة,Sfissifa,Naâma
سيدي بومدين,Ain Larbaa,Aïn Témouchent
تامزورة,Ain Larbaa,Aïn Témouchent
شعبة اللحم,El Maleh,Aïn Témouchent
المالح,El Maleh,Aïn Témouchent
أولاد الكيحل,El Maleh,Aïn Témouchent
شنتوف,Hammam Bou Hadjar,Aïn Témouchent
تارقة,El Maleh,Aïn Témouchent
وادي الصباح,Ain Larbaa,Aïn Témouchent
العامرية,El Amria,Aïn Témouchent
حاسي الغلة,El Amria,Aïn Témouchent
أولاد بوجمعة,El Amria,Aïn Témouchent
أغلال,Ain Kihel,Aïn Témouchent
عين الكيحل,Ain Kihel,Aïn Témouchent
عين الطلبة,Ain Kihel,Aïn Témouchent
عقب الليل,Ain Kihel,Aïn Témouchent
بني صاف,Beni Saf,Aïn Témouchent
الحساسنة,Hammam Bou Hadjar,Aïn Témouchent
الأمير عبد القادر,Beni Saf,Aïn Témouchent
سيدي صافي,Beni Saf,Aïn Témouchent
ولهاصة الغرابة,Oulhassa Gheraba,Aïn Témouchent
سيدي ورياش,Oulhassa Gheraba,Aïn Témouchent
عين الأربعاء,Ain Larbaa,Aïn Témouchent
المساعيد,El Amria,Aïn Témouchent
وادي برقش,Hammam Bou Hadjar,Aïn Témouchent
سيدي بن عدة,Ain Temouchent,Aïn Témouchent
عين تموشنت,Ain Temouchent,Aïn Témouchent
بوزجار,El Amria,Aïn Témouchent
حمام بوحجر,Hammam Bou Hadjar,Aïn Témouchent
ضاية بن ضحوة,Dhayet Ben Dhahoua,Ghardaïa
المنصورة,Mansourah,Ghardaïa
العطف,Bounoura,Ghardaïa
بونورة,Bounoura,Ghardaïa
زلفانة,Zelfana,Ghardaïa
القرارة,El Guerrara,Ghardaïa
سبسب,Metlili,Ghardaïa
متليلي,Metlili,Ghardaïa
بريان,Berriane,Ghardaïa
غرداية,Ghardaia,Ghardaïa
القطار,Mazouna,Relizane
أولاد يعيش,Ammi Moussa,Relizane
بني درقن,Zemmoura,Relizane
دار بن عبد الله,Zemmoura,Relizane
زمورة,Zemmoura,Relizane
جديوية,Djidiouia,Relizane
حمري,Djidiouia,Relizane
بلعسل بوزقزة,El Matmar,Relizane
المطمر,El Matmar,Relizane
سيدي  خطاب,El Matmar,Relizane
سيدي امحمد بن عودة,El Matmar,Relizane
عين طارق,Ain Tarek,Relizane
حد الشكالة,Ain Tarek,Relizane
الولجة,Ammi Moussa,Relizane
مازونة,Mazouna,Relizane
عين الرحمة,Yellel,Relizane
القلعة,Yellel,Relizane
سيدي سعادة,Yellel,Relizane
يلل,Yellel,Relizane
سوق الحد,Ramka,Relizane
منداس,Mendes,Relizane
وادي السلام,Mendes,Relizane
سيدي لزرق,Mendes,Relizane
عمي موسى,Ammi Moussa,Relizane
واريزان,Oued Rhiou,Relizane
مرجة سيدي عابد,Oued Rhiou,Relizane
أولاد سيدي الميهوب,Djidiouia,Relizane
بن داود,Relizane,Relizane
وادي رهيو,Oued Rhiou,Relizane
الحاسي,Ammi Moussa,Relizane
سيدي أمحمد بن علي,Sidi M'hamed Ben Ali,Relizane
مديونة,Sidi M'hamed Ben Ali,Relizane
بني زنطيس,Sidi M'hamed Ben Ali,Relizane
وادي الجمعة,El H'madna,Relizane
لحلاف,Oued Rhiou,Relizane
غليزان,Relizane,Relizane
الحمادنة,El H'madna,Relizane
الرمكة,Ramka,Relizane
تنركوك,Tinerkouk,Timimoun
تيميمون,Timimoun,Timimoun
أولاد السعيد,Timimoun,Timimoun
المطارفة,Aougrout,Timimoun
طالمين,Charouine,Timimoun
أولاد عيسى,Charouine,Timimoun
شروين,Charouine,Timimoun
أوقروت,Aougrout,Timimoun
دلدول,Aougrout,Timimoun
قصر قدور,Tinerkouk,Timimoun
تيمياوين,Bordj Badji Mokhtar,Bordj Badji Mokhtar
برج باجي مختار,Bordj Badji Mokhtar,Bordj Badji Mokhtar
رأس الميعاد,Sidi Khaled,Ouled Djellal
بسباس,Sidi Khaled,Ouled Djellal
سيدي  خالد,Sidi Khaled,Ouled Djellal
الدوسن,Ouled Djellal,Ouled Djellal
الشعيبة,Ouled Djellal,Ouled Djellal
أولاد جلال,Ouled Djellal,Ouled Djellal
بني عباس,Beni Abbes,Béni Abbès
تامترت,Beni Abbes,Béni Abbès
إقلي,Igli,Béni Abbès
الواتة,El Ouata,Béni Abbès
أولاد خضير,Ouled Khodeir,Béni Abbès
كرزاز,Kerzaz,Béni Abbès
تيمودي,Kerzaz,Béni Abbès
القصابي,Ouled Khodeir,Béni Abbès
بن يخلف,Kerzaz,Béni Abbès
إينغر,In Ghar,In Salah
عين صالح,In Salah,In Salah
فقارة الزوى,In Salah,In Salah
تين زواتين,Tin Zouatine,In Guezzam
عين قزام,In Guezzam,In Guezzam
تماسين,Temacine,Touggourt
سيدي سليمان,Megarine,Touggourt
المقارين,Megarine,Touggourt
النزلة,Touggourt,Touggourt
بلدة اعمر,Temacine,Touggourt
تبسبست,Touggourt,Touggourt
تقرت,Touggourt,Touggourt
الطيبات,Taibet,Touggourt
العالية,El-Hadjira,Touggourt
الحجيرة,El-Hadjira,Touggourt
بن ناصر,Taibet,Touggourt
المنقر,Taibet,Touggourt
الزاوية العابدية,Touggourt,Touggourt
جانت,Djanet,Djanet
برج الحواس,Djanet,Djanet
أم الطيور,El Meghaier,El Meghaier
سيدي عمران,Djamaa,El Meghaier
المرارة,Djamaa,El Meghaier
جامعة,Djamaa,El Meghaier
تندلة,Djamaa,El Meghaier
المغير,El Meghaier,El Meghaier
سطيل,El Meghaier,El Meghaier
سيدي خليل,El Meghaier,El Meghaier
المنيعة,El Menia,El Menia
حاسي القارة,El Menia,El Menia
حاسي الفحل,Mansourah,El Menia
